{
  "songName": "recorded",
  "offset": 0.0,
  "approachTime": 1.100000023841858,
  "notes": [
    {
      "t": 333.373333215713501,
      "type": "tap",
      "duration": 0.0
    }
  ]
}